escuela,puntaje,postulantes,ingresantes,tasa_ingreso
PRESUPUESTO Y FINANZAS PÚBLICAS - S.J.L,447.0,18,18,1.0
AUDITORÍA EMPRESARIAL Y DEL SECTOR PÚBLICO - S.J.L,492.625,12,12,1.0
ADMINISTRACIÓN - HUARAL,534.75,11,10,0.9090909090909091
GESTIÓN TRIBUTARIA - S.J.L,571.875,24,20,0.8333333333333334
INVESTIGACIÓN OPERATIVA,674.25,101,49,0.48514851485148514
CONTABILIDAD - HUARAL,674.25,38,20,0.5263157894736842
COMPUTACIÓN CIENTÍFICA,699.375,79,48,0.6075949367088608
FÍSICA,701.875,64,35,0.546875
ADMINISTRACIÓN DE TURISMO - S.J.L,704.375,23,10,0.43478260869565216
BIBLIOTECOLOGÍA Y CIENCIAS DE LA INFORMACIÓN,718.125,27,15,0.5555555555555556
ADMINISTRACIÓN DE TURISMO - HUARAL,722.375,18,10,0.5555555555555556
MATEMÁTICA,729.0,100,49,0.49
QUÍMICA,743.25,51,28,0.5490196078431373
ESTADÍSTICA,745.625,97,47,0.4845360824742268
INGENIERÍA TEXTIL Y CONFECCIONES,750.75,64,26,0.40625
INGENIERÍA GEOGRÁFICA,754.125,61,25,0.4098360655737705
ADMINISTRACION MARITIMA Y PORTUARIA - HUARAL,757.75,37,12,0.32432432432432434
ADMINISTRACIÓN DE NEGOCIOS INTERNACIONALES - HUARAL,766.75,31,9,0.2903225806451613
CONTABILIDAD - S.J.L,786.625,50,20,0.4
ARTE,789.0,48,17,0.3541666666666667
GEOGRAFÍA,799.25,74,35,0.47297297297297297
INGENIERIA DEL AGUA Y TECNOLOGIAS DE TRATAMIENTO,815.75,112,16,0.14285714285714285
MICROBIOLOGÍA Y PARASITOLOGÍA,826.125,76,24,0.3157894736842105
CONSERVACIÓN Y RESTAURACIÓN,826.375,46,12,0.2608695652173913
LINGUÍSTICA,830.125,34,16,0.47058823529411764
INGENIERÍA DE SEGURIDAD Y SALUD EN EL TRABAJO,834.125,48,18,0.375
INGENIERÍA NUCLEAR,837.5,142,21,0.14788732394366197
INGENIERÍA AGROINDUSTRIAL,837.5,153,35,0.22875816993464052
CRIMINALÍSTICA FINANCIERA FORENSE,858.5,160,40,0.25
ANTROPOLOGÍA,860.375,61,23,0.3770491803278688
ADMINISTRACIÓN DE TURISMO - LIMA,863.75,160,45,0.28125
INGENIERÍA MECÁNICA DE FLUIDOS,865.5,106,30,0.2830188679245283
AUDITORÍA EMPRESARIAL Y DEL SECTOR PÚBLICO - LIMA,870.5,112,35,0.3125
ADMINISTRACIÓN - S.J.L,872.25,36,10,0.2777777777777778
SOCIOLOGÍA,885.5,82,22,0.2682926829268293
ARQUEOLOGÍA,893.5,96,23,0.23958333333333334
CIENCIAS BIOLÓGICAS,898.0,163,25,0.15337423312883436
PRESUPUESTO Y FINANZAS PÚBLICAS - LIMA,902.875,123,35,0.2845528455284553
ADMINISTRACIÓN DE NEGOCIOS INTERNACIONALES - S.J.L,906.0,59,9,0.15254237288135594
GESTIÓN TRIBUTARIA - LIMA,906.625,242,36,0.1487603305785124
ECONOMÍA INTERNACIONAL,906.625,229,68,0.29694323144104806
EDUCACIÓN INICIAL,911.625,164,12,0.07317073170731707
ECONOMÍA PÚBLICA,916.875,170,64,0.3764705882352941
EDUCACIÓN FÍSICA,919.263,173,55,0.3179190751445087
TRABAJO SOCIAL,922.375,182,35,0.19230769230769232
CONTABILIDAD - LIMA,923.75,476,102,0.21428571428571427
FILOSOFÍA,930.25,54,17,0.3148148148148148
INGENIERÍA DE TELECOMUNICACIONES,931.75,154,30,0.19480519480519481
INGENIERÍA METALÚRGICA,935.75,79,15,0.189873417721519
EDUCACIÓN SECUNDARIA,941.25,328,60,0.18292682926829268
ADMINISTRACIÓN MARÍTIMA Y PORTUARIA,952.875,119,11,0.09243697478991597
EDUCACIÓN PRIMARIA,952.875,112,12,0.10714285714285714
HISTORIA,954.25,82,15,0.18292682926829268
ADMINISTRACIÓN DE LA GASTRONOMÍA,955.625,130,12,0.09230769230769231
LITERATURA,959.625,93,17,0.1827956989247312
INGENIERÍA GEOLÓGICA,960.75,171,21,0.12280701754385964
INGENIERÍA LOGÍSTICA Y CADENA DE SUMISTRO DIGITAL,962.5,525,26,0.049523809523809526
ADMINISTRACIÓN - LIMA,967.125,524,83,0.15839694656488548
INGENIERÍA ELECTRÓNICA,973.375,243,45,0.18518518518518517
DANZA,977.688,10,6,0.6
INGENIERÍA AMBIENTAL,978.0,156,15,0.09615384615384616
INGENIERÍA QUÍMICA,982.0,232,39,0.16810344827586207
TEC. MED. TERAPIA OCUPACIONAL,982.375,108,17,0.1574074074074074
INGENIERÍA ELÉCTRICA,994.5,175,20,0.11428571428571428
CIENCIAS DE LOS ALIMENTOS,1000.25,45,10,0.2222222222222222
GENÉTICA Y BIOTECNOLOGÍA,1003.125,157,21,0.1337579617834395
MARKETING,1008.25,173,12,0.06936416184971098
TOXICOLOGÍA,1034.75,56,11,0.19642857142857142
CIENCIA POLÍTICA,1058.5,397,41,0.10327455919395466
OBSTETRICIA,1063.25,383,44,0.11488250652741515
CIENCIA DE LA COMPUTACIÓN,1065.875,114,15,0.13157894736842105
INGENIERÍA MECATRONICA,1066.75,350,20,0.05714285714285714
ARQUITECTURA Y URBANISMO,1072.125,589,20,0.03395585738539898
INGENIERÍA INDUSTRIAL,1072.75,922,73,0.07917570498915401
ADMINISTRACIÓN DE NEGOCIOS INTERNACIONALES - LIMA,1075.625,914,48,0.0525164113785558
INGENIERÍA DE MINAS,1076.75,275,15,0.05454545454545454
ENFERMERÍA,1080.75,587,46,0.07836456558773425
TEC. MED. TERAPIA FÍSICA Y REHABILITACIÓN,1087.0,167,17,0.10179640718562874
NUTRICION,1087.625,234,24,0.10256410256410256
ECONOMÍA,1092.75,689,77,0.11175616835994194
TEC. MED. RADIOLOGÍA,1097.75,155,17,0.10967741935483871
PSICOLOGÍA ORGANIZACIONAL Y DE LA GESTIÓN HUMANA,1097.75,257,21,0.08171206225680934
"LENGUAS, TRADUCCIÓN E INTERPRETACIÓN",1100.75,198,15,0.07575757575757576
COMUNICACIÓN SOCIAL,1104.75,310,18,0.05806451612903226
FARMACIA Y BIOQUÍMICA,1110.375,262,29,0.11068702290076336
INGENIERÍA CIVIL,1125.875,678,28,0.04129793510324484
DERECHO,1143.0,2107,136,0.064546748932131
TEC. MED. LAB. CLÍNICO Y ANATOMÍA PATOLÓGICA,1147.0,144,17,0.11805555555555555
INGENIERÍA BIOMÉDICA,1169.125,234,15,0.0641025641025641
INGENIERÍA DE SOFTWARE,1185.25,340,15,0.04411764705882353
ODONTOLOGÍA,1189.25,462,25,0.05411255411255411
INGENIERÍA DE SISTEMAS,1192.625,1029,32,0.031098153547133137
PSICOLOGÍA,1192.625,1155,48,0.04155844155844156
MEDICINA VETERINARIA,1200.625,458,20,0.043668122270742356
MEDICINA HUMANA,1469.0,4610,55,0.01193058568329718
