escuela,postulantes,ingresantes,tasa_ingreso
ADMINISTRACION MARITIMA Y PORTUARIA - HUARAL,37,12,0.32432432432432434
ADMINISTRACIÓN - HUARAL,11,10,0.9090909090909091
ADMINISTRACIÓN - LIMA,524,83,0.15839694656488548
ADMINISTRACIÓN - S.J.L,36,10,0.2777777777777778
ADMINISTRACIÓN DE LA GASTRONOMÍA,130,12,0.09230769230769231
ADMINISTRACIÓN DE NEGOCIOS INTERNACIONALES - HUARAL,31,9,0.2903225806451613
ADMINISTRACIÓN DE NEGOCIOS INTERNACIONALES - LIMA,914,48,0.0525164113785558
ADMINISTRACIÓN DE NEGOCIOS INTERNACIONALES - S.J.L,59,9,0.15254237288135594
ADMINISTRACIÓN DE TURISMO - HUARAL,18,10,0.5555555555555556
ADMINISTRACIÓN DE TURISMO - LIMA,160,45,0.28125
ADMINISTRACIÓN DE TURISMO - S.J.L,23,10,0.43478260869565216
ADMINISTRACIÓN MARÍTIMA Y PORTUARIA,119,11,0.09243697478991597
ANTROPOLOGÍA,61,23,0.3770491803278688
ARQUEOLOGÍA,96,23,0.23958333333333334
ARQUITECTURA Y URBANISMO,589,20,0.03395585738539898
ARTE,48,17,0.3541666666666667
AUDITORÍA EMPRESARIAL Y DEL SECTOR PÚBLICO - LIMA,112,35,0.3125
AUDITORÍA EMPRESARIAL Y DEL SECTOR PÚBLICO - S.J.L,12,12,1.0
BIBLIOTECOLOGÍA Y CIENCIAS DE LA INFORMACIÓN,27,15,0.5555555555555556
CIENCIA DE LA COMPUTACIÓN,114,15,0.13157894736842105
CIENCIA POLÍTICA,397,41,0.10327455919395466
CIENCIAS BIOLÓGICAS,163,25,0.15337423312883436
CIENCIAS DE LOS ALIMENTOS,45,10,0.2222222222222222
COMPUTACIÓN CIENTÍFICA,79,48,0.6075949367088608
COMUNICACIÓN SOCIAL,310,18,0.05806451612903226
CONSERVACIÓN Y RESTAURACIÓN,46,12,0.2608695652173913
CONTABILIDAD - HUARAL,38,20,0.5263157894736842
CONTABILIDAD - LIMA,476,102,0.21428571428571427
CONTABILIDAD - S.J.L,50,20,0.4
CRIMINALÍSTICA FINANCIERA FORENSE,160,40,0.25
DANZA,10,6,0.6
DERECHO,2107,136,0.064546748932131
ECONOMÍA,689,77,0.11175616835994194
ECONOMÍA INTERNACIONAL,229,68,0.29694323144104806
ECONOMÍA PÚBLICA,170,64,0.3764705882352941
EDUCACIÓN FÍSICA,173,55,0.3179190751445087
EDUCACIÓN INICIAL,164,12,0.07317073170731707
EDUCACIÓN PRIMARIA,112,12,0.10714285714285714
EDUCACIÓN SECUNDARIA,328,60,0.18292682926829268
ENFERMERÍA,587,46,0.07836456558773425
ESTADÍSTICA,97,47,0.4845360824742268
FARMACIA Y BIOQUÍMICA,262,29,0.11068702290076336
FILOSOFÍA,54,17,0.3148148148148148
FÍSICA,64,35,0.546875
GENÉTICA Y BIOTECNOLOGÍA,157,21,0.1337579617834395
GEOGRAFÍA,74,35,0.47297297297297297
GESTIÓN TRIBUTARIA - LIMA,242,36,0.1487603305785124
GESTIÓN TRIBUTARIA - S.J.L,24,20,0.8333333333333334
HISTORIA,82,15,0.18292682926829268
INGENIERIA DEL AGUA Y TECNOLOGIAS DE TRATAMIENTO,112,16,0.14285714285714285
INGENIERÍA AGROINDUSTRIAL,153,35,0.22875816993464052
INGENIERÍA AMBIENTAL,156,15,0.09615384615384616
INGENIERÍA BIOMÉDICA,234,15,0.0641025641025641
INGENIERÍA CIVIL,678,28,0.04129793510324484
INGENIERÍA DE MINAS,275,15,0.05454545454545454
INGENIERÍA DE SEGURIDAD Y SALUD EN EL TRABAJO,48,18,0.375
INGENIERÍA DE SISTEMAS,1029,32,0.031098153547133137
INGENIERÍA DE SOFTWARE,340,15,0.04411764705882353
INGENIERÍA DE TELECOMUNICACIONES,154,30,0.19480519480519481
INGENIERÍA ELECTRÓNICA,243,45,0.18518518518518517
INGENIERÍA ELÉCTRICA,175,20,0.11428571428571428
INGENIERÍA GEOGRÁFICA,61,25,0.4098360655737705
INGENIERÍA GEOLÓGICA,171,21,0.12280701754385964
INGENIERÍA INDUSTRIAL,922,73,0.07917570498915401
INGENIERÍA LOGÍSTICA Y CADENA DE SUMISTRO DIGITAL,525,26,0.049523809523809526
INGENIERÍA MECATRONICA,350,20,0.05714285714285714
INGENIERÍA MECÁNICA DE FLUIDOS,106,30,0.2830188679245283
INGENIERÍA METALÚRGICA,79,15,0.189873417721519
INGENIERÍA NUCLEAR,142,21,0.14788732394366197
INGENIERÍA QUÍMICA,232,39,0.16810344827586207
INGENIERÍA TEXTIL Y CONFECCIONES,64,26,0.40625
INVESTIGACIÓN OPERATIVA,101,49,0.48514851485148514
"LENGUAS, TRADUCCIÓN E INTERPRETACIÓN",198,15,0.07575757575757576
LINGUÍSTICA,34,16,0.47058823529411764
LITERATURA,93,17,0.1827956989247312
MARKETING,173,12,0.06936416184971098
MATEMÁTICA,100,49,0.49
MEDICINA HUMANA,4610,55,0.01193058568329718
MEDICINA VETERINARIA,458,20,0.043668122270742356
MICROBIOLOGÍA Y PARASITOLOGÍA,76,24,0.3157894736842105
NUTRICION,234,24,0.10256410256410256
OBSTETRICIA,383,44,0.11488250652741515
ODONTOLOGÍA,462,25,0.05411255411255411
PRESUPUESTO Y FINANZAS PÚBLICAS - LIMA,123,35,0.2845528455284553
PRESUPUESTO Y FINANZAS PÚBLICAS - S.J.L,18,18,1.0
PSICOLOGÍA,1155,48,0.04155844155844156
PSICOLOGÍA ORGANIZACIONAL Y DE LA GESTIÓN HUMANA,257,21,0.08171206225680934
QUÍMICA,51,28,0.5490196078431373
SOCIOLOGÍA,82,22,0.2682926829268293
TEC. MED. LAB. CLÍNICO Y ANATOMÍA PATOLÓGICA,144,17,0.11805555555555555
TEC. MED. RADIOLOGÍA,155,17,0.10967741935483871
TEC. MED. TERAPIA FÍSICA Y REHABILITACIÓN,167,17,0.10179640718562874
TEC. MED. TERAPIA OCUPACIONAL,108,17,0.1574074074074074
TOXICOLOGÍA,56,11,0.19642857142857142
TRABAJO SOCIAL,182,35,0.19230769230769232
