escuela,facultad,sede
ADMINISTRACION MARITIMA Y PORTUARIA - HUARAL,CIENCIAS ADMINISTRATIVAS,HUARAL
ADMINISTRACIÓN - HUARAL,CIENCIAS ADMINISTRATIVAS,HUARAL
ADMINISTRACIÓN - LIMA,CIENCIAS ADMINISTRATIVAS,LIMA
ADMINISTRACIÓN - S.J.L,CIENCIAS ADMINISTRATIVAS,SAN JUAN DE LURIGANCHO
ADMINISTRACIÓN DE LA GASTRONOMÍA,CIENCIAS ADMINISTRATIVAS,LIMA
ADMINISTRACIÓN DE NEGOCIOS INTERNACIONALES - HUARAL,CIENCIAS ADMINISTRATIVAS,HUARAL
ADMINISTRACIÓN DE NEGOCIOS INTERNACIONALES - LIMA,CIENCIAS ADMINISTRATIVAS,LIMA
ADMINISTRACIÓN DE NEGOCIOS INTERNACIONALES - S.J.L,CIENCIAS ADMINISTRATIVAS,SAN JUAN DE LURIGANCHO
ADMINISTRACIÓN DE TURISMO - HUARAL,CIENCIAS ADMINISTRATIVAS,HUARAL
ADMINISTRACIÓN DE TURISMO - LIMA,CIENCIAS ADMINISTRATIVAS,LIMA
ADMINISTRACIÓN DE TURISMO - S.J.L,CIENCIAS ADMINISTRATIVAS,SAN JUAN DE LURIGANCHO
ADMINISTRACIÓN MARÍTIMA Y PORTUARIA,CIENCIAS ADMINISTRATIVAS,LIMA
ANTROPOLOGÍA,CIENCIAS SOCIALES,LIMA
ARQUEOLOGÍA,CIENCIAS SOCIALES,LIMA
ARQUITECTURA Y URBANISMO,INGENIERÍA GEOLÓGICA MINERA METALÚRGICA Y GEOGRÁFICA,LIMA
ARTE,ARTE,LIMA
AUDITORÍA EMPRESARIAL Y DEL SECTOR PÚBLICO - LIMA,CIENCIAS CONTABLES,LIMA
AUDITORÍA EMPRESARIAL Y DEL SECTOR PÚBLICO - S.J.L,CIENCIAS CONTABLES,SAN JUAN DE LURIGANCHO
BIBLIOTECOLOGÍA Y CIENCIAS DE LA INFORMACIÓN,LETRAS Y CIENCIAS HUMANAS,LIMA
CIENCIA DE LA COMPUTACIÓN,CIENCIAS MATEMÁTICAS,LIMA
CIENCIA POLÍTICA,DERECHO Y CIENCIA POLÍTICA,LIMA
CIENCIAS BIOLÓGICAS,CIENCIAS BIOLÓGICAS,LIMA
CIENCIAS DE LOS ALIMENTOS,FARMACIA Y BIOQUÍMICA,LIMA
COMPUTACIÓN CIENTÍFICA,CIENCIAS MATEMÁTICAS,LIMA
COMUNICACIÓN SOCIAL,LETRAS Y CIENCIAS HUMANAS,LIMA
CONSERVACIÓN Y RESTAURACIÓN,ARTE,LIMA
CONTABILIDAD - HUARAL,CIENCIAS CONTABLES,HUARAL
CONTABILIDAD - LIMA,CIENCIAS CONTABLES,LIMA
CONTABILIDAD - S.J.L,CIENCIAS CONTABLES,SAN JUAN DE LURIGANCHO
CRIMINALÍSTICA FINANCIERA FORENSE,CIENCIAS CONTABLES,LIMA
DANZA,ARTE,LIMA
DERECHO,DERECHO Y CIENCIA POLÍTICA,LIMA
ECONOMÍA,CIENCIAS ECONÓMICAS,LIMA
ECONOMÍA INTERNACIONAL,CIENCIAS ECONÓMICAS,LIMA
ECONOMÍA PÚBLICA,CIENCIAS ECONÓMICAS,LIMA
EDUCACIÓN FÍSICA,EDUCACIÓN,LIMA
EDUCACIÓN INICIAL,EDUCACIÓN,LIMA
EDUCACIÓN PRIMARIA,EDUCACIÓN,LIMA
EDUCACIÓN SECUNDARIA,EDUCACIÓN,LIMA
ENFERMERÍA,MEDICINA,LIMA
ESTADÍSTICA,CIENCIAS MATEMÁTICAS,LIMA
FARMACIA Y BIOQUÍMICA,FARMACIA Y BIOQUÍMICA,LIMA
FILOSOFÍA,LETRAS Y CIENCIAS HUMANAS,LIMA
FÍSICA,CIENCIAS FÍSICAS,LIMA
GENÉTICA Y BIOTECNOLOGÍA,CIENCIAS BIOLÓGICAS,LIMA
GEOGRAFÍA,CIENCIAS SOCIALES,LIMA
GESTIÓN TRIBUTARIA - LIMA,CIENCIAS CONTABLES,LIMA
GESTIÓN TRIBUTARIA - S.J.L,CIENCIAS CONTABLES,SAN JUAN DE LURIGANCHO
HISTORIA,CIENCIAS SOCIALES,LIMA
INGENIERIA DEL AGUA Y TECNOLOGIAS DE TRATAMIENTO,INGENIERÍA GEOLÓGICA MINERA METALÚRGICA Y GEOGRÁFICA,LIMA
INGENIERÍA AGROINDUSTRIAL,INGENIERÍA INDUSTRIAL,LIMA
INGENIERÍA AMBIENTAL,INGENIERÍA GEOLÓGICA MINERA METALÚRGICA Y GEOGRÁFICA,LIMA
INGENIERÍA BIOMÉDICA,INGENIERÍA ELECTRÓNICA Y ELÉCTRICA,LIMA
INGENIERÍA CIVIL,INGENIERÍA CIVIL,LIMA
INGENIERÍA DE MINAS,INGENIERÍA GEOLÓGICA MINERA METALÚRGICA Y GEOGRÁFICA,LIMA
INGENIERÍA DE SEGURIDAD Y SALUD EN EL TRABAJO,INGENIERÍA INDUSTRIAL,LIMA
INGENIERÍA DE SISTEMAS,INGENIERÍA DE SISTEMAS E INFORMÁTICA,LIMA
INGENIERÍA DE SOFTWARE,INGENIERÍA DE SISTEMAS E INFORMÁTICA,LIMA
INGENIERÍA DE TELECOMUNICACIONES,INGENIERÍA ELECTRÓNICA Y ELÉCTRICA,LIMA
INGENIERÍA ELECTRÓNICA,INGENIERÍA ELECTRÓNICA Y ELÉCTRICA,LIMA
INGENIERÍA ELÉCTRICA,INGENIERÍA ELECTRÓNICA Y ELÉCTRICA,LIMA
INGENIERÍA GEOGRÁFICA,INGENIERÍA GEOLÓGICA MINERA METALÚRGICA Y GEOGRÁFICA,LIMA
INGENIERÍA GEOLÓGICA,INGENIERÍA GEOLÓGICA MINERA METALÚRGICA Y GEOGRÁFICA,LIMA
INGENIERÍA INDUSTRIAL,INGENIERÍA INDUSTRIAL,LIMA
INGENIERÍA LOGÍSTICA Y CADENA DE SUMISTRO DIGITAL,INGENIERÍA INDUSTRIAL,LIMA
INGENIERÍA MECATRONICA,INGENIERÍA MECÁNICA DE FLUIDOS,LIMA
INGENIERÍA MECÁNICA DE FLUIDOS,INGENIERÍA MECÁNICA DE FLUIDOS,LIMA
INGENIERÍA METALÚRGICA,INGENIERÍA GEOLÓGICA MINERA METALÚRGICA Y GEOGRÁFICA,LIMA
INGENIERÍA NUCLEAR,INGENIERÍA GEOLÓGICA MINERA METALÚRGICA Y GEOGRÁFICA,LIMA
INGENIERÍA QUÍMICA,INGENIERÍA QUÍMICA,LIMA
INGENIERÍA TEXTIL Y CONFECCIONES,INGENIERÍA INDUSTRIAL,LIMA
INVESTIGACIÓN OPERATIVA,CIENCIAS MATEMÁTICAS,LIMA
"LENGUAS, TRADUCCIÓN E INTERPRETACIÓN",LETRAS Y CIENCIAS HUMANAS,LIMA
LINGUÍSTICA,LETRAS Y CIENCIAS HUMANAS,LIMA
LITERATURA,LETRAS Y CIENCIAS HUMANAS,LIMA
MARKETING,CIENCIAS ADMINISTRATIVAS,LIMA
MATEMÁTICA,CIENCIAS MATEMÁTICAS,LIMA
MEDICINA HUMANA,MEDICINA,LIMA
MEDICINA VETERINARIA,MEDICINA VETERINARIA,LIMA
MICROBIOLOGÍA Y PARASITOLOGÍA,FARMACIA Y BIOQUÍMICA,LIMA
NUTRICION,MEDICINA,LIMA
OBSTETRICIA,MEDICINA,LIMA
ODONTOLOGÍA,ODONTOLOGÍA,LIMA
PRESUPUESTO Y FINANZAS PÚBLICAS - LIMA,CIENCIAS CONTABLES,LIMA
PRESUPUESTO Y FINANZAS PÚBLICAS - S.J.L,CIENCIAS CONTABLES,SAN JUAN DE LURIGANCHO
PSICOLOGÍA,PSICOLOGÍA,LIMA
PSICOLOGÍA ORGANIZACIONAL Y DE LA GESTIÓN HUMANA,PSICOLOGÍA,LIMA
QUÍMICA,QUÍMICA,LIMA
SOCIOLOGÍA,CIENCIAS SOCIALES,LIMA
TEC. MED. LAB. CLÍNICO Y ANATOMÍA PATOLÓGICA,MEDICINA,LIMA
TEC. MED. RADIOLOGÍA,MEDICINA,LIMA
TEC. MED. TERAPIA FÍSICA Y REHABILITACIÓN,MEDICINA,LIMA
TEC. MED. TERAPIA OCUPACIONAL,MEDICINA,LIMA
TOXICOLOGÍA,FARMACIA Y BIOQUÍMICA,LIMA
TRABAJO SOCIAL,CIENCIAS SOCIALES,LIMA
